"","guess","expectation","max","remaining"
"1","delay",1.22222222222222,2,FALSE
"2","dolly",1.22222222222222,2,FALSE
"3","godly",1.22222222222222,2,FALSE
"4","hotly",1.22222222222222,2,FALSE
"5","inlay",1.22222222222222,2,FALSE
"6","lynch",1.22222222222222,2,FALSE
"7","moldy",1.22222222222222,2,FALSE
"8","nobly",1.22222222222222,2,FALSE
"9","nylon",1.22222222222222,2,FALSE
"10","oddly",1.22222222222222,2,FALSE
