"","guess","expectation","max","remaining"
"1","delay",1.22222222222222,2,TRUE
"2","dolly",1.22222222222222,2,TRUE
"3","godly",1.22222222222222,2,TRUE
"4","hotly",1.22222222222222,2,TRUE
"5","inlay",1.22222222222222,2,TRUE
"6","lynch",1.22222222222222,2,TRUE
"7","moldy",1.22222222222222,2,TRUE
"8","nobly",1.22222222222222,2,TRUE
"9","nylon",1.22222222222222,2,TRUE
"10","oddly",1.22222222222222,2,TRUE
