"","guess","expectation","max","remaining"
"1","cabal",1.61538461538462,2,FALSE
"2","lymph",1.61538461538462,3,FALSE
"3","bylaw",1.76923076923077,3,FALSE
"4","lynch",1.76923076923077,3,FALSE
"5","mulch",1.76923076923077,3,FALSE
"6","scaly",1.76923076923077,3,FALSE
"7","balmy",1.92307692307692,3,FALSE
"8","canal",1.92307692307692,3,FALSE
"9","clang",1.92307692307692,3,FALSE
"10","decal",1.92307692307692,3,FALSE
