"","guess","expectation","max","remaining"
"1","cabal",1.61538461538462,2,TRUE
"2","lymph",1.61538461538462,3,TRUE
"3","bylaw",1.76923076923077,3,TRUE
"4","lynch",1.76923076923077,3,TRUE
"5","mulch",1.76923076923077,3,TRUE
"6","scaly",1.76923076923077,3,TRUE
"7","balmy",1.92307692307692,3,TRUE
"8","canal",1.92307692307692,3,TRUE
"9","clang",1.92307692307692,3,TRUE
"10","decal",1.92307692307692,3,TRUE
