"","guess","expectation","max","remaining"
"1","tempo",2.84615384615385,5,FALSE
"2","lymph",2.92307692307692,5,FALSE
"3","cloth",3,6,FALSE
"4","month",3.23076923076923,6,FALSE
"5","morph",3.23076923076923,5,FALSE
"6","pilot",3.23076923076923,6,FALSE
"7","mocha",3.30769230769231,6,FALSE
"8","lorry",3.38461538461538,5,FALSE
"9","moldy",3.38461538461538,6,FALSE
"10","porch",3.46153846153846,6,FALSE
