"","guess","expectation","max","remaining"
"1","tempo",2.84615384615385,5,TRUE
"2","lymph",2.92307692307692,5,TRUE
"3","cloth",3,6,TRUE
"4","month",3.23076923076923,6,TRUE
"5","morph",3.23076923076923,5,TRUE
"6","pilot",3.23076923076923,6,TRUE
"7","mocha",3.30769230769231,6,TRUE
"8","lorry",3.38461538461538,5,TRUE
"9","moldy",3.38461538461538,6,TRUE
"10","porch",3.46153846153846,6,TRUE
