"","guess","expectation","max","remaining"
"1","gland",1.66666666666667,3,FALSE
"2","tidal",2,3,FALSE
"3","bland",2.11111111111111,3,FALSE
"4","draft",2.11111111111111,4,FALSE
"5","giant",2.11111111111111,4,FALSE
"6","grand",2.11111111111111,3,FALSE
"7","light",2.11111111111111,4,FALSE
"8","trail",2.22222222222222,4,TRUE
"9","clang",2.22222222222222,4,FALSE
"10","dealt",2.22222222222222,3,FALSE
