"","guess","expectation","max","remaining"
"1","gland",1.66666666666667,3,TRUE
"2","tidal",2,3,TRUE
"3","bland",2.11111111111111,3,TRUE
"4","draft",2.11111111111111,4,TRUE
"5","giant",2.11111111111111,4,TRUE
"6","grand",2.11111111111111,3,TRUE
"7","light",2.11111111111111,4,TRUE
"8","clang",2.22222222222222,4,TRUE
"9","dealt",2.22222222222222,3,TRUE
"10","grant",2.22222222222222,4,TRUE
