"","guess","expectation","max","remaining"
"1","chant",2.33333333333333,3,TRUE
"2","splat",2.42857142857143,5,TRUE
"3","stamp",2.42857142857143,5,TRUE
"4","tramp",2.42857142857143,5,TRUE
"5","plant",2.52380952380952,5,TRUE
"6","stack",2.71428571428571,4,TRUE
"7","torch",2.71428571428571,4,TRUE
"8","clamp",2.71428571428571,5,TRUE
"9","octal",2.80952380952381,5,TRUE
"10","scant",2.80952380952381,5,TRUE
