"","guess","expectation","max","remaining"
"1","chant",2.33333333333333,3,FALSE
"2","splat",2.42857142857143,5,FALSE
"3","stamp",2.42857142857143,5,FALSE
"4","tramp",2.42857142857143,5,FALSE
"5","plant",2.52380952380952,5,FALSE
"6","stack",2.71428571428571,4,FALSE
"7","torch",2.71428571428571,4,FALSE
"8","clamp",2.71428571428571,5,FALSE
"9","octal",2.80952380952381,5,FALSE
"10","scant",2.80952380952381,5,FALSE
