"","guess","expectation","max","remaining"
"1","bleat",2.88235294117647,6,FALSE
"2","draft",2.94117647058824,5,FALSE
"3","trend",3.05882352941176,5,FALSE
"4","dwelt",3.17647058823529,6,FALSE
"5","metal",3.17647058823529,6,FALSE
"6","delta",3.23529411764706,7,FALSE
"7","begat",3.29411764705882,7,FALSE
"8","adept",3.41176470588235,6,FALSE
"9","tweed",3.41176470588235,7,FALSE
"10","tread",3.47058823529412,7,TRUE
