"","guess","expectation","max","remaining"
"1","crowd",5.20512820512821,11,FALSE
"2","crown",5.20512820512821,10,FALSE
"3","front",5.66666666666667,11,FALSE
"4","donut",5.71794871794872,12,FALSE
"5","acorn",5.74358974358974,12,TRUE
"6","count",5.74358974358974,11,FALSE
"7","drown",5.82051282051282,11,FALSE
"8","crony",6.15384615384615,13,FALSE
"9","cloud",6.17948717948718,14,FALSE
"10","thorn",6.20512820512821,13,FALSE
