"","guess","expectation","max","remaining"
"1","crowd",5.20512820512821,11,TRUE
"2","crown",5.20512820512821,10,TRUE
"3","front",5.66666666666667,11,TRUE
"4","donut",5.71794871794872,12,TRUE
"5","acorn",5.74358974358974,12,TRUE
"6","count",5.74358974358974,11,TRUE
"7","drown",5.82051282051282,11,TRUE
"8","crony",6.15384615384615,13,TRUE
"9","cloud",6.17948717948718,14,TRUE
"10","thorn",6.20512820512821,13,TRUE
