"","guess","expectation","max","remaining"
"1","track",3.69230769230769,7,FALSE
"2","grace",3.76923076923077,6,TRUE
"3","clang",3.92307692307692,7,FALSE
"4","craft",4,8,FALSE
"5","truck",4.15384615384615,7,FALSE
"6","crude",4.23076923076923,7,FALSE
"7","chard",4.30769230769231,7,FALSE
"8","graft",4.30769230769231,8,FALSE
"9","grand",4.38461538461539,8,FALSE
"10","grant",4.46153846153846,8,FALSE
