"","guess","expectation","max","remaining"
"1","plunk",3.14285714285714,5,TRUE
"2","knelt",3.28571428571429,6,TRUE
"3","plank",3.35714285714286,5,TRUE
"4","prank",3.42857142857143,6,TRUE
"5","clung",3.71428571428571,6,TRUE
"6","crypt",3.85714285714286,9,TRUE
"7","plant",3.92857142857143,6,TRUE
"8","trunk",3.92857142857143,8,TRUE
"9","could",4.07142857142857,8,TRUE
"10","clang",4.14285714285714,7,TRUE
