"","guess","expectation","max","remaining"
"1","plunk",3.14285714285714,5,FALSE
"2","knelt",3.28571428571429,6,FALSE
"3","plank",3.35714285714286,5,FALSE
"4","prank",3.42857142857143,6,FALSE
"5","clung",3.71428571428571,6,FALSE
"6","crypt",3.85714285714286,9,FALSE
"7","plant",3.92857142857143,6,FALSE
"8","trunk",3.92857142857143,8,FALSE
"9","could",4.07142857142857,8,FALSE
"10","clang",4.14285714285714,7,FALSE
