"","guess","expectation","max","remaining"
"1","grout",1.60869565217391,3,FALSE
"2","thong",1.60869565217391,3,FALSE
"3","cloth",1.78260869565217,3,FALSE
"4","droit",1.8695652173913,3,TRUE
"5","blond",1.8695652173913,3,FALSE
"6","clout",1.8695652173913,4,FALSE
"7","crony",1.8695652173913,4,FALSE
"8","tonic",1.8695652173913,4,FALSE
"9","blunt",1.95652173913043,4,FALSE
"10","dingo",1.95652173913043,4,FALSE
