"","guess","expectation","max","remaining"
"1","grout",1.60869565217391,3,TRUE
"2","thong",1.60869565217391,3,TRUE
"3","cloth",1.78260869565217,3,TRUE
"4","blond",1.8695652173913,3,TRUE
"5","clout",1.8695652173913,4,TRUE
"6","crony",1.8695652173913,4,TRUE
"7","droit",1.8695652173913,3,TRUE
"8","tonic",1.8695652173913,4,TRUE
"9","blunt",1.95652173913043,4,TRUE
"10","dingo",1.95652173913043,4,TRUE
