"","guess","expectation","max","remaining"
"1","count",1.15384615384615,2,TRUE
"2","court",1.15384615384615,2,TRUE
"3","clout",1.30769230769231,2,TRUE
"4","crust",1.30769230769231,2,TRUE
"5","doubt",1.30769230769231,2,TRUE
"6","scout",1.30769230769231,2,TRUE
"7","touch",1.30769230769231,2,TRUE
"8","truce",1.30769230769231,2,TRUE
"9","truck",1.30769230769231,2,TRUE
"10","cough",1.46153846153846,2,TRUE
