"","guess","expectation","max","remaining"
"1","botch",1.28571428571429,2,TRUE
"2","chaos",1.28571428571429,2,TRUE
"3","cheat",1.28571428571429,2,TRUE
"4","chess",1.28571428571429,2,TRUE
"5","chest",1.28571428571429,2,TRUE
"6","cleft",1.28571428571429,2,TRUE
"7","cloth",1.28571428571429,2,TRUE
"8","craft",1.28571428571429,2,TRUE
"9","crept",1.28571428571429,2,TRUE
"10","crypt",1.28571428571429,2,TRUE
