"","guess","expectation","max","remaining"
"1","count",1.15384615384615,2,FALSE
"2","court",1.15384615384615,2,FALSE
"3","crust",1.30769230769231,2,TRUE
"4","clout",1.30769230769231,2,FALSE
"5","doubt",1.30769230769231,2,FALSE
"6","scout",1.30769230769231,2,FALSE
"7","touch",1.30769230769231,2,FALSE
"8","truce",1.30769230769231,2,FALSE
"9","truck",1.30769230769231,2,FALSE
"10","cough",1.46153846153846,2,FALSE
