"","guess","expectation","max","remaining"
"1","botch",1.28571428571429,2,FALSE
"2","chaos",1.28571428571429,2,FALSE
"3","cheat",1.28571428571429,2,FALSE
"4","chess",1.28571428571429,2,FALSE
"5","chest",1.28571428571429,2,FALSE
"6","cleft",1.28571428571429,2,FALSE
"7","cloth",1.28571428571429,2,FALSE
"8","craft",1.28571428571429,2,FALSE
"9","crept",1.28571428571429,2,FALSE
"10","crypt",1.28571428571429,2,FALSE
