"","guess","expectation","max","remaining"
"1","sheep",1.88888888888889,4,FALSE
"2","sweep",1.88888888888889,3,FALSE
"3","sheer",2.11111111111111,4,TRUE
"4","sweet",2.11111111111111,3,FALSE
"5","wheel",2.11111111111111,4,FALSE
"6","sewer",2.22222222222222,3,TRUE
"7","sneer",2.33333333333333,4,TRUE
"8","steer",2.33333333333333,4,TRUE
"9","sheen",2.33333333333333,5,FALSE
"10","sheet",2.33333333333333,5,FALSE
