"","guess","expectation","max","remaining"
"1","tweed",8.68627450980392,22,TRUE
"2","outer",8.68627450980392,16,TRUE
"3","count",8.86274509803922,22,TRUE
"4","pouty",9.01960784313725,18,TRUE
"5","depot",9.07843137254902,17,TRUE
"6","court",9.27450980392157,22,TRUE
"7","betel",9.3921568627451,23,TRUE
"8","deter",9.41176470588235,26,TRUE
"9","decor",9.64705882352941,20,TRUE
"10","covet",9.66666666666667,23,TRUE
