"","guess","expectation","max","remaining"
"1","count",4.94174757281553,15,TRUE
"2","colon",5.54368932038835,10,TRUE
"3","donut",5.54368932038835,12,TRUE
"4","clout",5.79611650485437,15,TRUE
"5","hound",5.79611650485437,14,TRUE
"6","found",6.02912621359223,14,TRUE
"7","truly",6.14563106796116,18,TRUE
"8","cloth",6.20388349514563,17,TRUE
"9","pound",6.20388349514563,14,TRUE
"10","mount",6.30097087378641,18,TRUE
