"","guess","expectation","max","remaining"
"1","adapt",1.33333333333333,2,FALSE
"2","adept",1.33333333333333,2,FALSE
"3","adopt",1.33333333333333,2,FALSE
"4","depot",1.33333333333333,2,FALSE
"5","depth",1.33333333333333,2,FALSE
"6","draft",1.33333333333333,2,FALSE
"7","drift",1.33333333333333,2,FALSE
"8","feign",1.33333333333333,2,FALSE
"9","fiend",1.33333333333333,2,FALSE
"10","fight",1.33333333333333,2,FALSE
