"","guess","expectation","max","remaining"
"1","adapt",1.33333333333333,2,TRUE
"2","adept",1.33333333333333,2,TRUE
"3","adopt",1.33333333333333,2,TRUE
"4","depot",1.33333333333333,2,TRUE
"5","depth",1.33333333333333,2,TRUE
"6","draft",1.33333333333333,2,TRUE
"7","drift",1.33333333333333,2,TRUE
"8","feign",1.33333333333333,2,TRUE
"9","fiend",1.33333333333333,2,TRUE
"10","fight",1.33333333333333,2,TRUE
