"","guess","expectation","max","remaining"
"1","butch",1.66666666666667,3,FALSE
"2","thumb",1.66666666666667,3,FALSE
"3","thump",1.66666666666667,3,FALSE
"4","touch",1.66666666666667,3,FALSE
"5","batch",2.33333333333333,4,FALSE
"6","belch",2.33333333333333,4,FALSE
"7","botch",2.33333333333333,4,FALSE
"8","bunch",2.33333333333333,4,FALSE
"9","butte",2.33333333333333,4,FALSE
"10","caput",2.33333333333333,4,FALSE
