"","guess","expectation","max","remaining"
"1","butch",1.66666666666667,3,TRUE
"2","thumb",1.66666666666667,3,TRUE
"3","thump",1.66666666666667,3,TRUE
"4","touch",1.66666666666667,3,TRUE
"5","batch",2.33333333333333,4,TRUE
"6","belch",2.33333333333333,4,TRUE
"7","botch",2.33333333333333,4,TRUE
"8","bunch",2.33333333333333,4,TRUE
"9","butte",2.33333333333333,4,TRUE
"10","caput",2.33333333333333,4,TRUE
