"","guess","expectation","max","remaining"
"1","lynch",6.86813186813187,16,FALSE
"2","minty",7.21978021978022,14,FALSE
"3","hotly",7.28571428571429,18,FALSE
"4","tangy",7.48351648351648,13,TRUE
"5","month",7.48351648351648,18,FALSE
"6","blunt",7.59340659340659,18,FALSE
"7","nobly",7.7032967032967,15,FALSE
"8","tonal",7.74725274725275,16,FALSE
"9","tying",7.87912087912088,15,FALSE
"10","count",7.92307692307692,20,FALSE
