"","guess","expectation","max","remaining"
"1","gulch",2,5,FALSE
"2","mulch",2.30769230769231,5,FALSE
"3","gully",2.53846153846154,4,FALSE
"4","blunt",2.61538461538462,5,FALSE
"5","laugh",2.61538461538462,5,FALSE
"6","bulge",2.69230769230769,5,FALSE
"7","guilt",2.69230769230769,5,FALSE
"8","moult",2.69230769230769,5,FALSE
"9","bugle",2.76923076923077,5,FALSE
"10","lunch",2.76923076923077,5,FALSE
