"","guess","expectation","max","remaining"
"1","agony",1.16666666666667,2,TRUE
"2","alone",1.16666666666667,2,TRUE
"3","along",1.16666666666667,2,TRUE
"4","clone",1.16666666666667,2,TRUE
"5","clown",1.16666666666667,2,TRUE
"6","among",1.33333333333333,2,TRUE
"7","clean",1.33333333333333,2,TRUE
"8","colon",1.33333333333333,2,TRUE
"9","gleam",1.33333333333333,2,TRUE
"10","glean",1.33333333333333,2,TRUE
