"","guess","expectation","max","remaining"
"1","agony",1.16666666666667,2,FALSE
"2","alone",1.16666666666667,2,FALSE
"3","along",1.16666666666667,2,FALSE
"4","clone",1.16666666666667,2,FALSE
"5","clown",1.16666666666667,2,FALSE
"6","among",1.33333333333333,2,FALSE
"7","clean",1.33333333333333,2,FALSE
"8","colon",1.33333333333333,2,FALSE
"9","gleam",1.33333333333333,2,FALSE
"10","glean",1.33333333333333,2,FALSE
