"","guess","expectation","max","remaining"
"1","until",1.94117647058824,3,TRUE
"2","plant",2,3,TRUE
"3","unlit",2.05882352941176,4,TRUE
"4","tidal",2.35294117647059,4,TRUE
"5","tonal",2.35294117647059,4,TRUE
"6","allot",2.47058823529412,4,TRUE
"7","aloft",2.47058823529412,4,TRUE
"8","plait",2.47058823529412,5,TRUE
"9","bland",2.52941176470588,4,TRUE
"10","slant",2.52941176470588,5,TRUE
