"","guess","expectation","max","remaining"
"1","until",1.94117647058824,3,FALSE
"2","plant",2,3,FALSE
"3","unlit",2.05882352941176,4,FALSE
"4","tidal",2.35294117647059,4,TRUE
"5","tonal",2.35294117647059,4,FALSE
"6","plait",2.47058823529412,5,TRUE
"7","allot",2.47058823529412,4,FALSE
"8","aloft",2.47058823529412,4,FALSE
"9","bland",2.52941176470588,4,FALSE
"10","slant",2.52941176470588,5,FALSE
