"","guess","expectation","max","remaining"
"1","shalt",2.27272727272727,4,TRUE
"2","slash",2.27272727272727,3,TRUE
"3","slosh",2.36363636363636,3,TRUE
"4","sloth",2.36363636363636,4,TRUE
"5","slush",2.45454545454545,4,TRUE
"6","cloth",2.54545454545455,5,TRUE
"7","mulch",2.63636363636364,4,TRUE
"8","gulch",2.72727272727273,5,TRUE
"9","latch",2.72727272727273,5,TRUE
"10","shawl",2.81818181818182,5,TRUE
