"","guess","expectation","max","remaining"
"1","slash",2.27272727272727,3,TRUE
"2","shalt",2.27272727272727,4,FALSE
"3","slosh",2.36363636363636,3,FALSE
"4","sloth",2.36363636363636,4,FALSE
"5","slush",2.45454545454545,4,FALSE
"6","cloth",2.54545454545455,5,FALSE
"7","mulch",2.63636363636364,4,FALSE
"8","gulch",2.72727272727273,5,FALSE
"9","latch",2.72727272727273,5,FALSE
"10","shawl",2.81818181818182,5,FALSE
