"","guess","expectation","max","remaining"
"1","chalk",2.67441860465116,6,TRUE
"2","plant",2.72093023255814,5,TRUE
"3","chant",2.95348837209302,6,TRUE
"4","stalk",2.95348837209302,5,TRUE
"5","lunch",3.13953488372093,5,TRUE
"6","lynch",3.23255813953488,6,TRUE
"7","cloth",3.27906976744186,6,TRUE
"8","scant",3.27906976744186,7,TRUE
"9","pluck",3.32558139534884,6,TRUE
"10","octal",3.37209302325581,7,TRUE
