"","guess","expectation","max","remaining"
"1","chalk",2.67441860465116,6,FALSE
"2","plant",2.72093023255814,5,FALSE
"3","stalk",2.95348837209302,5,TRUE
"4","chant",2.95348837209302,6,FALSE
"5","lunch",3.13953488372093,5,FALSE
"6","lynch",3.23255813953488,6,FALSE
"7","scant",3.27906976744186,7,TRUE
"8","cloth",3.27906976744186,6,FALSE
"9","pluck",3.32558139534884,6,FALSE
"10","slant",3.37209302325581,7,TRUE
