"","guess","expectation","min","max_remain","remaining"
"1","knelt",3.25162916738782,2.58496250072116,2,FALSE
"2","stank",3.18872187554087,2,3,FALSE
"3","stink",3.18872187554087,2,3,FALSE
"4","stunk",3.18872187554087,2,3,FALSE
"5","dwelt",3.08496250072116,2.58496250072116,2,FALSE
"6","stalk",3.08496250072116,2.58496250072116,2,FALSE
"7","steak",3.0220552088742,2,3,TRUE
"8","adept",3.0220552088742,2,3,FALSE
"9","inlet",3.0220552088742,2,3,FALSE
"10","knead",3.0220552088742,2,3,FALSE
