"","guess","expectation","max","remaining"
"1","black",3.82926829268293,8,TRUE
"2","dealt",3.97560975609756,7,TRUE
"3","plant",3.97560975609756,8,TRUE
"4","along",4.07317073170732,8,TRUE
"5","block",4.07317073170732,7,TRUE
"6","clang",4.07317073170732,8,TRUE
"7","adult",4.21951219512195,8,TRUE
"8","gland",4.21951219512195,9,TRUE
"9","bland",4.26829268292683,10,TRUE
"10","plank",4.26829268292683,9,TRUE
