"","guess","expectation","max","remaining"
"1","cleat",3.34782608695652,6,TRUE
"2","petal",3.43478260869565,6,TRUE
"3","metal",3.55072463768116,5,TRUE
"4","plant",3.60869565217391,8,TRUE
"5","leant",3.63768115942029,6,TRUE
"6","decal",3.66666666666667,8,TRUE
"7","dealt",3.69565217391304,8,TRUE
"8","pleat",3.72463768115942,7,TRUE
"9","bleat",3.92753623188406,8,TRUE
"10","delta",4.15942028985507,7,TRUE
