"","guess","expectation","max","remaining"
"1","clout",3.93478260869565,10,TRUE
"2","clown",4.1304347826087,8,TRUE
"3","cloak",4.17391304347826,7,TRUE
"4","cloth",4.39130434782609,10,TRUE
"5","count",4.47826086956522,8,TRUE
"6","cloud",4.5,10,TRUE
"7","float",4.54347826086957,13,TRUE
"8","plant",4.60869565217391,10,TRUE
"9","aloft",4.6304347826087,11,TRUE
"10","knoll",4.6304347826087,9,TRUE
