"","guess","expectation","max","remaining"
"1","forth",1.22222222222222,2,TRUE
"2","froth",1.22222222222222,2,TRUE
"3","month",1.22222222222222,2,TRUE
"4","mouth",1.22222222222222,2,TRUE
"5","thumb",1.22222222222222,2,TRUE
"6","thyme",1.22222222222222,2,TRUE
"7","theft",1.44444444444444,2,TRUE
"8","theme",1.44444444444444,2,TRUE
"9","thief",1.44444444444444,2,TRUE
"10","thrum",1.44444444444444,2,TRUE
