"","guess","expectation","max","remaining"
"1","forth",1.22222222222222,2,FALSE
"2","froth",1.22222222222222,2,FALSE
"3","month",1.22222222222222,2,FALSE
"4","mouth",1.22222222222222,2,FALSE
"5","thumb",1.22222222222222,2,FALSE
"6","thyme",1.22222222222222,2,FALSE
"7","theft",1.44444444444444,2,FALSE
"8","theme",1.44444444444444,2,FALSE
"9","thief",1.44444444444444,2,FALSE
"10","thrum",1.44444444444444,2,FALSE
