"","guess","expectation","max","remaining"
"1","plant",2.24137931034483,4,TRUE
"2","plunk",2.31034482758621,4,TRUE
"3","glint",2.37931034482759,4,TRUE
"4","blunt",2.51724137931034,4,TRUE
"5","flint",2.51724137931034,5,TRUE
"6","knelt",2.51724137931034,6,TRUE
"7","slant",2.6551724137931,4,TRUE
"8","flunk",2.79310344827586,5,TRUE
"9","plank",2.86206896551724,6,TRUE
"10","stunk",3,4,TRUE
