"","guess","expectation","max","remaining"
"1","plant",2.24137931034483,4,FALSE
"2","plunk",2.31034482758621,4,FALSE
"3","glint",2.37931034482759,4,FALSE
"4","blunt",2.51724137931034,4,FALSE
"5","flint",2.51724137931034,5,FALSE
"6","knelt",2.51724137931034,6,FALSE
"7","slant",2.6551724137931,4,FALSE
"8","flunk",2.79310344827586,5,FALSE
"9","plank",2.86206896551724,6,FALSE
"10","stunk",3,4,FALSE
