"","guess","expectation","max","remaining"
"1","clout",3.07843137254902,5,TRUE
"2","blunt",3.07843137254902,7,TRUE
"3","clung",3.15686274509804,7,TRUE
"4","count",3.3921568627451,7,TRUE
"5","cloth",3.43137254901961,7,TRUE
"6","gulch",3.50980392156863,6,TRUE
"7","notch",3.54901960784314,7,TRUE
"8","touch",3.54901960784314,7,TRUE
"9","clang",3.58823529411765,7,TRUE
"10","cling",3.58823529411765,7,TRUE
