"","guess","expectation","max","remaining"
"1","cloth",1.69565217391304,3,FALSE
"2","clout",1.78260869565217,3,FALSE
"3","would",1.78260869565217,3,FALSE
"4","clown",1.95652173913043,3,FALSE
"5","cloud",1.95652173913043,4,FALSE
"6","could",1.95652173913043,4,FALSE
"7","count",2.04347826086956,4,FALSE
"8","clung",2.1304347826087,4,FALSE
"9","donut",2.1304347826087,3,FALSE
"10","moult",2.1304347826087,3,FALSE
