"","guess","expectation","max","remaining"
"1","shout",1.38095238095238,2,TRUE
"2","scout",1.47619047619048,2,TRUE
"3","snout",1.47619047619048,2,TRUE
"4","clout",1.57142857142857,2,TRUE
"5","moult",1.57142857142857,2,TRUE
"6","south",1.57142857142857,3,TRUE
"7","spout",1.57142857142857,2,TRUE
"8","cloth",1.66666666666667,3,TRUE
"9","stony",1.66666666666667,3,TRUE
"10","hotly",1.76190476190476,4,TRUE
