"","guess","expectation","max","remaining"
"1","shout",1.38095238095238,2,FALSE
"2","scout",1.47619047619048,2,FALSE
"3","snout",1.47619047619048,2,FALSE
"4","clout",1.57142857142857,2,FALSE
"5","moult",1.57142857142857,2,FALSE
"6","south",1.57142857142857,3,FALSE
"7","spout",1.57142857142857,2,FALSE
"8","cloth",1.66666666666667,3,FALSE
"9","stony",1.66666666666667,3,FALSE
"10","hotly",1.76190476190476,4,FALSE
