"","guess","expectation","max","remaining"
"1","hotly",5.74766355140187,13,FALSE
"2","lynch",6.32710280373832,12,FALSE
"3","pilot",6.38317757009346,16,TRUE
"4","minty",6.45794392523364,13,TRUE
"5","lofty",6.47663551401869,13,FALSE
"6","donut",6.51401869158878,17,FALSE
"7","unlit",6.58878504672897,14,TRUE
"8","until",6.68224299065421,11,TRUE
"9","tonic",7.03738317757009,18,TRUE
"10","light",7.05607476635514,15,TRUE
