"","guess","expectation","max","remaining"
"1","cloth",1.22222222222222,2,FALSE
"2","flout",1.22222222222222,2,FALSE
"3","focus",1.22222222222222,2,FALSE
"4","ghost",1.22222222222222,2,FALSE
"5","gloss",1.22222222222222,2,FALSE
"6","light",1.22222222222222,2,FALSE
"7","quoth",1.22222222222222,2,FALSE
"8","slosh",1.22222222222222,2,FALSE
"9","sloth",1.22222222222222,2,FALSE
"10","slush",1.22222222222222,2,FALSE
