"","guess","expectation","max","remaining"
"1","cloth",1.22222222222222,2,TRUE
"2","flout",1.22222222222222,2,TRUE
"3","focus",1.22222222222222,2,TRUE
"4","ghost",1.22222222222222,2,TRUE
"5","gloss",1.22222222222222,2,TRUE
"6","light",1.22222222222222,2,TRUE
"7","quoth",1.22222222222222,2,TRUE
"8","slosh",1.22222222222222,2,TRUE
"9","sloth",1.22222222222222,2,TRUE
"10","slush",1.22222222222222,2,TRUE
