"","guess","expectation","max","remaining"
"1","floss",1.47058823529412,2,TRUE
"2","slosh",1.58823529411765,3,TRUE
"3","blush",1.70588235294118,3,TRUE
"4","bossy",1.70588235294118,3,TRUE
"5","hussy",1.70588235294118,3,TRUE
"6","sloop",1.70588235294118,3,TRUE
"7","sloth",1.70588235294118,3,TRUE
"8","slump",1.70588235294118,3,TRUE
"9","slush",1.70588235294118,3,TRUE
"10","south",1.70588235294118,3,TRUE
