"","guess","expectation","max","remaining"
"1","spelt",2.21951219512195,4,TRUE
"2","spilt",2.46341463414634,4,TRUE
"3","steep",2.46341463414634,4,TRUE
"4","slept",2.51219512195122,5,TRUE
"5","upset",2.51219512195122,5,TRUE
"6","steel",2.60975609756098,4,TRUE
"7","splat",2.70731707317073,5,TRUE
"8","split",2.70731707317073,5,TRUE
"9","fleet",2.70731707317073,5,TRUE
"10","plant",2.70731707317073,5,TRUE
