"","guess","expectation","max","remaining"
"1","cloth",1.82352941176471,3,TRUE
"2","month",1.82352941176471,3,TRUE
"3","knelt",1.94117647058824,3,TRUE
"4","stock",1.94117647058824,3,TRUE
"5","notch",2.05882352941176,4,TRUE
"6","token",2.05882352941176,3,TRUE
"7","mount",2.17647058823529,4,TRUE
"8","north",2.17647058823529,4,TRUE
"9","pinto",2.29411764705882,3,TRUE
"10","plant",2.29411764705882,3,TRUE
