"","guess","expectation","max","remaining"
"1","cloth",1.82352941176471,3,FALSE
"2","month",1.82352941176471,3,FALSE
"3","knelt",1.94117647058824,3,FALSE
"4","stock",1.94117647058824,3,FALSE
"5","notch",2.05882352941176,4,FALSE
"6","token",2.05882352941176,3,FALSE
"7","mount",2.17647058823529,4,FALSE
"8","north",2.17647058823529,4,FALSE
"9","pinto",2.29411764705882,3,FALSE
"10","plant",2.29411764705882,3,FALSE
