"","guess","expectation","max","remaining"
"1","could",2.80327868852459,5,FALSE
"2","clung",2.9672131147541,6,FALSE
"3","cloud",3.0327868852459,5,FALSE
"4","clout",3.0327868852459,5,FALSE
"5","gulch",3.09836065573771,6,FALSE
"6","flung",3.19672131147541,7,FALSE
"7","mogul",3.26229508196721,5,FALSE
"8","ghoul",3.39344262295082,7,FALSE
"9","hound",3.42622950819672,6,FALSE
"10","cough",3.45901639344262,6,FALSE
