"","guess","expectation","max","remaining"
"1","could",6.27380952380952,15,TRUE
"2","blond",6.63095238095238,15,TRUE
"3","blunt",6.77380952380952,15,TRUE
"4","clung",6.83333333333333,17,TRUE
"5","mulch",6.85714285714286,16,TRUE
"6","nobly",6.89285714285714,15,TRUE
"7","moldy",6.90476190476191,15,TRUE
"8","cloud",7.03571428571429,17,TRUE
"9","cloth",7.05952380952381,17,TRUE
"10","gulch",7.11904761904762,18,TRUE
