"","guess","expectation","max","remaining"
"1","olden",5.11570247933884,12,TRUE
"2","betel",5.21487603305785,14,TRUE
"3","hotly",5.34710743801653,13,TRUE
"4","towel",5.36363636363636,10,TRUE
"5","hotel",5.41322314049587,11,TRUE
"6","nobly",5.72727272727273,12,TRUE
"7","tonal",5.92561983471074,12,TRUE
"8","motel",6.04132231404959,11,TRUE
"9","clown",6.09090909090909,15,TRUE
"10","tenet",6.27272727272727,11,TRUE
